[
    {
        "card_info": "7\nGOLES\n1\u00ba\nA. J. MORALES\nLEVANTE UD\n01\nA. J. MORALES\n7\n02\nR. BRUGU\u00c9\n6\n03\nC. ESP\u00cd\n5\n04\nI. ROMERO\n5\n05\nKOCHORASHVILI\n5\nTODOS LOS L\u00cdDERES EN GOLES"
    },
    {
        "card_info": "18\nDISPAROS\n1\u00ba\nA. J. MORALES\nLEVANTE UD\n01\nA. J. MORALES\n18\n02\nR. BRUGU\u00c9\n18\n03\nI. ROMERO\n15\n04\nC. ALVAREZ\n14\n05\nKOCHORASHVILI\n12\nTODOS LOS L\u00cdDERES EN DISPAROS"
    },
    {
        "card_info": "1654\nPASES\n1\u00ba\nELGEZABAL\nLEVANTE UD\n01\nELGEZABAL\n1654\n02\nO. REY\n1346\n03\nKOCHORASHVILI\n1092\n04\nP. MART\u00cdNEZ\n970\n05\nC. ALVAREZ\n954\nTODOS LOS L\u00cdDERES EN PASES"
    },
    {
        "card_info": "6\nASISTENCIAS\n1\u00ba\nC. ALVAREZ\nLEVANTE UD\n01\nC. ALVAREZ\n6\n02\nI. ROMERO\n3\n03\nKOCHORASHVILI\n3\n04\nANDRES GARCIA\n3\n05\nO. REY\n3\nTODOS LOS L\u00cdDERES EN ASISTENCIAS"
    },
    {
        "card_info": "27\nRECUPERACIONES\n1\u00ba\nPAMPIN\nLEVANTE UD\n01\nPAMPIN\n27\n02\nANDRES GARCIA\n19\n03\nELGEZABAL\n18\n04\nO. REY\n18\n05\nDELA\n17\nTODOS LOS L\u00cdDERES EN RECUPERACIONES"
    },
    {
        "card_info": "8\nTARJETAS AMARILLAS\n1\u00ba\nDELA\nLEVANTE UD\n01\nDELA\n8\n02\nO. REY\n8\n03\nELGEZABAL\n7\n04\nI. MIQUEL\n4\n05\nA. J. MORALES\n3\nTODOS LOS L\u00cdDERES EN TARJETAS AMARILLAS"
    },
    {
        "card_info": "1\nTARJETAS ROJAS\n1\u00ba\nDELA\nLEVANTE UD\n01\nDELA\n1\n02\nI. MIQUEL\n1\n03\nA. J. MORALES\n04\nC. ESP\u00cd\n05\nVICTOR JR.\nTODOS LOS L\u00cdDERES EN TARJETAS ROJAS"
    },
    {
        "card_info": "36\nFALTAS\n1\u00ba\nO. REY\nLEVANTE UD\n01\nO. REY\n36\n02\nS. LOZANO\n33\n03\nKOCHORASHVILI\n32\n04\nDELA\n31\n05\nR. BRUGU\u00c9\n23\nTODOS LOS L\u00cdDERES EN FALTAS"
    }
]