[
    {
        "card_info": "7\nGOLES\n1\u00ba\nA. J. MORALES\nLEVANTE UD\n01\nA. J. MORALES\n7\n02\nI. ROMERO\n6\n03\nKOCHORASHVILI\n6\n04\nR. BRUGU\u00c9\n6\n05\nC. ESP\u00cd\n5\nTODOS LOS L\u00cdDERES EN GOLES"
    },
    {
        "card_info": "19\nDISPAROS\n1\u00ba\nA. J. MORALES\nLEVANTE UD\n01\nA. J. MORALES\n19\n02\nR. BRUGU\u00c9\n18\n03\nI. ROMERO\n16\n04\nKOCHORASHVILI\n15\n05\nC. ALVAREZ\n14\nTODOS LOS L\u00cdDERES EN DISPAROS"
    },
    {
        "card_info": "1704\nPASES\n1\u00ba\nELGEZABAL\nLEVANTE UD\n01\nELGEZABAL\n1704\n02\nO. REY\n1409\n03\nKOCHORASHVILI\n1143\n04\nC. ALVAREZ\n1018\n05\nP. MART\u00cdNEZ\n970\nTODOS LOS L\u00cdDERES EN PASES"
    },
    {
        "card_info": "6\nASISTENCIAS\n1\u00ba\nC. ALVAREZ\nLEVANTE UD\n01\nC. ALVAREZ\n6\n02\nI. ROMERO\n4\n03\nKOCHORASHVILI\n3\n04\nANDRES GARCIA\n3\n05\nO. REY\n3\nTODOS LOS L\u00cdDERES EN ASISTENCIAS"
    },
    {
        "card_info": "27\nRECUPERACIONES\n1\u00ba\nPAMPIN\nLEVANTE UD\n01\nPAMPIN\n27\n02\nO. REY\n20\n03\nDELA\n19\n04\nELGEZABAL\n19\n05\nANDRES GARCIA\n19\nTODOS LOS L\u00cdDERES EN RECUPERACIONES"
    },
    {
        "card_info": "8\nTARJETAS AMARILLAS\n1\u00ba\nDELA\nLEVANTE UD\n01\nDELA\n8\n02\nO. REY\n8\n03\nELGEZABAL\n7\n04\nKOCHORASHVILI\n4\n05\nI. MIQUEL\n4\nTODOS LOS L\u00cdDERES EN TARJETAS AMARILLAS"
    },
    {
        "card_info": "1\nTARJETAS ROJAS\n1\u00ba\nDELA\nLEVANTE UD\n01\nDELA\n1\n02\nI. MIQUEL\n1\n03\nA. J. MORALES\n04\nC. ESP\u00cd\n05\nVICTOR JR.\nTODOS LOS L\u00cdDERES EN TARJETAS ROJAS"
    },
    {
        "card_info": "38\nFALTAS\n1\u00ba\nO. REY\nLEVANTE UD\n01\nO. REY\n38\n02\nKOCHORASHVILI\n33\n03\nS. LOZANO\n33\n04\nDELA\n32\n05\nI. ROMERO\n24\nTODOS LOS L\u00cdDERES EN FALTAS"
    }
]