{"standings":[{"position":1,"team":"Racing de Santander","played":29,"won":15,"drawn":7,"lost":7,"goalDifference":"+13","goals":"46:33","last5":"PGPGPP","points":52},{"position":2,"team":"Huesca","played":29,"won":14,"drawn":9,"lost":6,"goalDifference":"+18","goals":"41:23","last5":"PGPGPE","points":51},{"position":3,"team":"Levante","played":29,"won":13,"drawn":11,"lost":5,"goalDifference":"+14","goals":"42:28","last5":"PPPEPG","points":50},{"position":4,"team":"Elche","played":29,"won":14,"drawn":8,"lost":7,"goalDifference":"+14","goals":"37:23","last5":"PGPPG","points":50},{"position":5,"team":"Real Oviedo","played":29,"won":14,"drawn":8,"lost":7,"goalDifference":"+7","goals":"41:34","last5":"PEPGG","points":50},{"position":6,"team":"Mirandés","played":28,"won":14,"drawn":6,"lost":8,"goalDifference":"+13","goals":"36:23","last5":"PPGPG","points":48},{"position":7,"team":"Almería","played":29,"won":12,"drawn":11,"lost":6,"goalDifference":"+11","goals":"50:39","last5":"PEPPPE","points":47},{"position":8,"team":"Granada","played":29,"won":11,"drawn":10,"lost":8,"goalDifference":"+6","goals":"45:39","last5":"PGPEPP","points":43},{"position":9,"team":"Córdoba","played":29,"won":12,"drawn":6,"lost":11,"goalDifference":"-1","goals":"42:43","last5":"PGPPG","points":42},{"position":10,"team":"Deportivo","played":29,"won":10,"drawn":9,"lost":10,"goalDifference":"+4","goals":"38:34","last5":"PGPPE","points":39},{"position":11,"team":"Sporting","played":29,"won":9,"drawn":12,"lost":8,"goalDifference":"+4","goals":"36:32","last5":"PGPEPE","points":39},{"position":12,"team":"Castellón","played":29,"won":11,"drawn":6,"lost":12,"goalDifference":"+1","goals":"39:38","last5":"PPGPG","points":39},{"position":13,"team":"Málaga","played":29,"won":8,"drawn":15,"lost":6,"goalDifference":"+1","goals":"31:30","last5":"PPEPG","points":39},{"position":14,"team":"Cádiz","played":29,"won":9,"drawn":11,"lost":9,"goalDifference":"0","goals":"39:39","last5":"PEPGPP","points":38},{"position":15,"team":"Albacete","played":29,"won":9,"drawn":10,"lost":10,"goalDifference":"-2","goals":"36:38","last5":"PPGPPG","points":37},{"position":16,"team":"Eibar","played":29,"won":10,"drawn":7,"lost":12,"goalDifference":"-3","goals":"28:31","last5":"PPEPG","points":37},{"position":17,"team":"Real Zaragoza","played":29,"won":9,"drawn":9,"lost":11,"goalDifference":"+3","goals":"39:36","last5":"PEPPPP","points":36},{"position":18,"team":"Burgos","played":28,"won":9,"drawn":6,"lost":13,"goalDifference":"-10","goals":"23:33","last5":"PPGPP","points":33},{"position":19,"team":"Eldense","played":29,"won":8,"drawn":7,"lost":14,"goalDifference":"-13","goals":"28:41","last5":"PPPGP","points":31},{"position":20,"team":"Racing de Ferrol","played":28,"won":4,"drawn":10,"lost":14,"goalDifference":"-27","goals":"18:45","last5":"PGPPPP","points":22},{"position":21,"team":"CD Tenerife","played":28,"won":4,"drawn":7,"lost":17,"goalDifference":"-19","goals":"23:42","last5":"PEPPPP","points":19},{"position":22,"team":"Cartagena","played":29,"won":4,"drawn":3,"lost":22,"goalDifference":"-34","goals":"18:52","last5":"PPPPPP","points":15}]}