[
    {
        "DORSAL": "1",
        "POSICIÓN": "Portero",
        "NOMBRE": "Andrés Fdez.",
        "MIN": "2700",
        "PJ": "30",
        "TIT": "30",
        "SUP": "0",
        "SUST": "0",
        "AM": "2",
        "ROJ": "0",
        "DOB": "0",
        "GOLES": "0",
        "PEN": "0",
        "GPP": "0",
        "GE": "28"
    },
    {
        "DORSAL": "4",
        "POSICIÓN": "Defensa",
        "NOMBRE": "Dela",
        "MIN": "1626",
        "PJ": "22",
        "TIT": "18",
        "SUP": "4",
        "SUST": "2",
        "AM": "8",
        "ROJ": "1",
        "DOB": "1",
        "GOLES": "0",
        "PEN": "0",
        "GPP": "0",
        "GE": "16"
    },
    {
        "DORSAL": "5",
        "POSICIÓN": "Defensa",
        "NOMBRE": "Elgezabal",
        "MIN": "2610",
        "PJ": "29",
        "TIT": "29",
        "SUP": "0",
        "SUST": "0",
        "AM": "7",
        "ROJ": "0",
        "DOB": "0",
        "GOLES": "0",
        "PEN": "0",
        "GPP": "0",
        "GE": "27"
    },
    {
        "DORSAL": "6",
        "POSICIÓN": "Centrocampista",
        "NOMBRE": "Kochorashvili",
        "MIN": "1906",
        "PJ": "24",
        "TIT": "22",
        "SUP": "2",
        "SUST": "11",
        "AM": "4",
        "ROJ": "0",
        "DOB": "0",
        "GOLES": "6",
        "PEN": "1",
        "GPP": "0",
        "GE": "17"
    },
    {
        "DORSAL": "7",
        "POSICIÓN": "Centrocampista",
        "NOMBRE": "R. Brugué",
        "MIN": "1574",
        "PJ": "25",
        "TIT": "20",
        "SUP": "5",
        "SUST": "20",
        "AM": "2",
        "ROJ": "0",
        "DOB": "0",
        "GOLES": "6",
        "PEN": "0",
        "GPP": "0",
        "GE": "14"
    },
    {
        "DORSAL": "8",
        "POSICIÓN": "Centrocampista",
        "NOMBRE": "Algobia",
        "MIN": "410",
        "PJ": "16",
        "TIT": "3",
        "SUP": "13",
        "SUST": "3",
        "AM": "1",
        "ROJ": "0",
        "DOB": "0",
        "GOLES": "2",
        "PEN": "0",
        "GPP": "0",
        "GE": "3"
    },
    {
        "DORSAL": "9",
        "POSICIÓN": "Delantero",
        "NOMBRE": "I. Romero",
        "MIN": "1572",
        "PJ": "30",
        "TIT": "16",
        "SUP": "14",
        "SUST": "15",
        "AM": "1",
        "ROJ": "0",
        "DOB": "0",
        "GOLES": "6",
        "PEN": "0",
        "GPP": "0",
        "GE": "16"
    },
    {
        "DORSAL": "10",
        "POSICIÓN": "Centrocampista",
        "NOMBRE": "Iborra",
        "MIN": "524",
        "PJ": "15",
        "TIT": "6",
        "SUP": "9",
        "SUST": "5",
        "AM": "2",
        "ROJ": "0",
        "DOB": "0",
        "GOLES": "1",
        "PEN": "1",
        "GPP": "0",
        "GE": "9"
    },
    {
        "DORSAL": "11",
        "POSICIÓN": "Delantero",
        "NOMBRE": "A. J. Morales",
        "MIN": "1981",
        "PJ": "30",
        "TIT": "26",
        "SUP": "4",
        "SUST": "25",
        "AM": "3",
        "ROJ": "0",
        "DOB": "0",
        "GOLES": "7",
        "PEN": "0",
        "GPP": "0",
        "GE": "16"
    },
    {
        "DORSAL": "13",
        "POSICIÓN": "Portero",
        "NOMBRE": "Alfonso P.",
        "MIN": "0",
        "PJ": "0",
        "TIT": "0",
        "SUP": "0",
        "SUST": "0",
        "AM": "0",
        "ROJ": "0",
        "DOB": "0",
        "GOLES": "0",
        "PEN": "0",
        "GPP": "0",
        "GE": "0"
    },
    {
        "DORSAL": "14",
        "POSICIÓN": "Defensa",
        "NOMBRE": "Cabello",
        "MIN": "1099",
        "PJ": "16",
        "TIT": "11",
        "SUP": "5",
        "SUST": "0",
        "AM": "3",
        "ROJ": "0",
        "DOB": "0",
        "GOLES": "0",
        "PEN": "0",
        "GPP": "0",
        "GE": "13"
    },
    {
        "DORSAL": "16",
        "POSICIÓN": "Defensa",
        "NOMBRE": "Pampin",
        "MIN": "1926",
        "PJ": "23",
        "TIT": "21",
        "SUP": "2",
        "SUST": "1",
        "AM": "3",
        "ROJ": "0",
        "DOB": "0",
        "GOLES": "0",
        "PEN": "0",
        "GPP": "0",
        "GE": "18"
    },
    {
        "DORSAL": "18",
        "POSICIÓN": "Defensa",
        "NOMBRE": "I. Miquel",
        "MIN": "99",
        "PJ": "2",
        "TIT": "1",
        "SUP": "1",
        "SUST": "0",
        "AM": "1",
        "ROJ": "0",
        "DOB": "0",
        "GOLES": "0",
        "PEN": "0",
        "GPP": "0",
        "GE": "1"
    },
    {
        "DORSAL": "19",
        "POSICIÓN": "Delantero",
        "NOMBRE": "A. Fores",
        "MIN": "84",
        "PJ": "6",
        "TIT": "0",
        "SUP": "6",
        "SUST": "0",
        "AM": "0",
        "ROJ": "0",
        "DOB": "0",
        "GOLES": "0",
        "PEN": "0",
        "GPP": "0",
        "GE": "0"
    },
    {
        "DORSAL": "20",
        "POSICIÓN": "Centrocampista",
        "NOMBRE": "O. Rey",
        "MIN": "2447",
        "PJ": "29",
        "TIT": "28",
        "SUP": "1",
        "SUST": "6",
        "AM": "8",
        "ROJ": "0",
        "DOB": "0",
        "GOLES": "0",
        "PEN": "0",
        "GPP": "0",
        "GE": "25"
    },
    {
        "DORSAL": "21",
        "POSICIÓN": "Centrocampista",
        "NOMBRE": "S. Lozano",
        "MIN": "933",
        "PJ": "29",
        "TIT": "8",
        "SUP": "21",
        "SUST": "7",
        "AM": "3",
        "ROJ": "0",
        "DOB": "0",
        "GOLES": "0",
        "PEN": "0",
        "GPP": "0",
        "GE": "11"
    },
    {
        "DORSAL": "22",
        "POSICIÓN": "Defensa",
        "NOMBRE": "Manu Schez",
        "MIN": "313",
        "PJ": "4",
        "TIT": "4",
        "SUP": "0",
        "SUST": "3",
        "AM": "1",
        "ROJ": "0",
        "DOB": "0",
        "GOLES": "0",
        "PEN": "0",
        "GPP": "0",
        "GE": "2"
    },
    {
        "DORSAL": "23",
        "POSICIÓN": "Centrocampista",
        "NOMBRE": "P. Martínez",
        "MIN": "1918",
        "PJ": "24",
        "TIT": "23",
        "SUP": "1",
        "SUST": "16",
        "AM": "0",
        "ROJ": "0",
        "DOB": "0",
        "GOLES": "3",
        "PEN": "1",
        "GPP": "0",
        "GE": "20"
    },
    {
        "DORSAL": "24",
        "POSICIÓN": "Centrocampista",
        "NOMBRE": "C. Alvarez",
        "MIN": "2388",
        "PJ": "30",
        "TIT": "27",
        "SUP": "3",
        "SUST": "12",
        "AM": "3",
        "ROJ": "0",
        "DOB": "0",
        "GOLES": "5",
        "PEN": "0",
        "GPP": "0",
        "GE": "22"
    },
    {
        "DORSAL": "26",
        "POSICIÓN": "Defensa",
        "NOMBRE": "Selles",
        "MIN": "0",
        "PJ": "0",
        "TIT": "0",
        "SUP": "0",
        "SUST": "0",
        "AM": "0",
        "ROJ": "0",
        "DOB": "0",
        "GOLES": "0",
        "PEN": "0",
        "GPP": "0",
        "GE": "0"
    },
    {
        "DORSAL": "27",
        "POSICIÓN": "Centrocampista",
        "NOMBRE": "Edgar",
        "MIN": "0",
        "PJ": "0",
        "TIT": "0",
        "SUP": "0",
        "SUST": "0",
        "AM": "0",
        "ROJ": "0",
        "DOB": "0",
        "GOLES": "0",
        "PEN": "0",
        "GPP": "0",
        "GE": "0"
    },
    {
        "DORSAL": "29",
        "POSICIÓN": "Defensa",
        "NOMBRE": "Navarro",
        "MIN": "712",
        "PJ": "9",
        "TIT": "9",
        "SUP": "0",
        "SUST": "7",
        "AM": "2",
        "ROJ": "0",
        "DOB": "0",
        "GOLES": "0",
        "PEN": "0",
        "GPP": "0",
        "GE": "8"
    },
    {
        "DORSAL": "30",
        "POSICIÓN": "Centrocampista",
        "NOMBRE": "Victor Jr.",
        "MIN": "1",
        "PJ": "1",
        "TIT": "0",
        "SUP": "1",
        "SUST": "0",
        "AM": "0",
        "ROJ": "0",
        "DOB": "0",
        "GOLES": "0",
        "PEN": "0",
        "GPP": "0",
        "GE": "0"
    },
    {
        "DORSAL": "31",
        "POSICIÓN": "Defensa",
        "NOMBRE": "Xavi Grande",
        "MIN": "334",
        "PJ": "11",
        "TIT": "4",
        "SUP": "7",
        "SUST": "4",
        "AM": "0",
        "ROJ": "0",
        "DOB": "0",
        "GOLES": "0",
        "PEN": "0",
        "GPP": "0",
        "GE": "3"
    },
    {
        "DORSAL": "32",
        "POSICIÓN": "Portero",
        "NOMBRE": "A. Primo",
        "MIN": "0",
        "PJ": "0",
        "TIT": "0",
        "SUP": "0",
        "SUST": "0",
        "AM": "0",
        "ROJ": "0",
        "DOB": "0",
        "GOLES": "0",
        "PEN": "0",
        "GPP": "0",
        "GE": "0"
    },
    {
        "DORSAL": "34",
        "POSICIÓN": "Defensa",
        "NOMBRE": "Borja Cortina",
        "MIN": "12",
        "PJ": "1",
        "TIT": "0",
        "SUP": "1",
        "SUST": "0",
        "AM": "0",
        "ROJ": "0",
        "DOB": "0",
        "GOLES": "0",
        "PEN": "0",
        "GPP": "0",
        "GE": "1"
    },
    {
        "DORSAL": "38",
        "POSICIÓN": "Delantero",
        "NOMBRE": "C. Espí",
        "MIN": "338",
        "PJ": "26",
        "TIT": "1",
        "SUP": "25",
        "SUST": "1",
        "AM": "0",
        "ROJ": "0",
        "DOB": "0",
        "GOLES": "5",
        "PEN": "0",
        "GPP": "0",
        "GE": "7"
    }
]